City_ID,City,Lat,Lng,Max Temp,Humidity,Cloudiness,Wind Speed,Country,Date
0,Barrow,71.2906,-156.7887,-0.38,78,90,5.75,US,2021-11-23 18:01:26
1,Bethel,41.3712,-73.414,42.48,50,7,3.0,US,2021-11-23 18:01:26
2,Tasiilaq,65.6145,-37.6368,23.16,62,64,8.12,GL,2021-11-23 18:01:27
3,Chegutu,-18.1302,30.1407,70.25,81,87,6.49,ZW,2021-11-23 18:01:27
4,Klaksvik,62.2266,-6.589,47.32,86,98,25.46,FO,2021-11-23 18:01:28
5,Atuona,-9.8,-139.0333,77.47,79,71,15.05,PF,2021-11-23 18:01:28
6,Ambilobe,-13.2,49.05,76.48,81,64,3.4,MG,2021-11-23 18:01:28
7,Nanortalik,60.1432,-45.2371,29.5,50,84,6.24,GL,2021-11-23 18:01:29
8,Oktyabrskiy,54.4815,53.471,6.46,97,71,6.44,RU,2021-11-23 18:01:29
9,Busselton,-33.65,115.3333,53.1,82,0,9.51,AU,2021-11-23 18:01:29
10,Marsh Harbour,26.5412,-77.0636,73.67,56,12,24.99,BS,2021-11-23 18:01:30
11,Sayyan,15.1718,44.3244,53.4,27,37,5.55,YE,2021-11-23 18:01:30
12,Roseburg,43.2165,-123.3417,48.18,92,82,4.34,US,2021-11-23 17:59:01
13,Hithadhoo,-0.6,73.0833,82.27,75,99,18.34,MV,2021-11-23 18:01:31
14,Ribeira Grande,38.5167,-28.7,68.4,94,20,14.97,PT,2021-11-23 18:01:31
15,Yumen,40.2833,97.2,26.76,35,2,14.52,CN,2021-11-23 18:01:31
16,Mount Gambier,-37.8333,140.7667,53.51,94,90,0.0,AU,2021-11-23 18:00:27
17,Kyra,49.5776,111.9753,11.89,89,100,1.59,RU,2021-11-23 18:01:32
18,Mataura,-46.1927,168.8643,45.1,95,92,2.42,NZ,2021-11-23 18:01:32
19,Kodiak,57.79,-152.4072,15.35,76,99,7.18,US,2021-11-23 18:01:33
20,Raudeberg,61.9875,5.1352,46.2,96,100,8.01,NO,2021-11-23 18:01:33
21,Punta Arenas,-53.15,-70.9167,53.71,62,40,25.32,CL,2021-11-23 17:59:33
22,Rikitea,-23.1203,-134.9692,76.14,82,5,14.72,PF,2021-11-23 18:01:34
23,Ilulissat,69.2167,-51.1,10.42,56,75,16.11,GL,2021-11-23 18:01:34
24,Luderitz,-26.6481,15.1594,66.52,69,16,23.31,NA,2021-11-23 18:01:34
25,Luangwa,-15.6167,30.4167,83.25,60,67,4.41,ZM,2021-11-23 18:01:35
26,Axim,4.8699,-2.2405,80.37,82,62,7.65,GH,2021-11-23 18:01:35
27,Missoula,47.0166,-113.8009,24.85,47,84,4.03,US,2021-11-23 18:00:10
28,Nizwa,22.9333,57.5333,74.79,19,15,2.82,OM,2021-11-23 18:01:36
29,New Norfolk,-42.7826,147.0587,59.72,73,100,2.8,AU,2021-11-23 18:01:36
30,Neath,51.6632,-3.8044,49.46,83,22,3.96,GB,2021-11-23 18:01:36
31,Vredendal,-31.6683,18.5012,67.05,59,66,15.48,ZA,2021-11-23 18:01:37
32,Kaitangata,-46.2817,169.8464,46.53,92,55,5.95,NZ,2021-11-23 18:01:37
33,Bluff,-46.6,168.3333,52.56,81,79,12.37,NZ,2021-11-23 18:01:38
34,Nikolskoye,59.7035,30.7861,31.87,85,45,5.99,RU,2021-11-23 18:01:38
35,Divnoye,45.9089,43.3547,49.46,92,100,7.83,RU,2021-11-23 18:01:38
36,Spassk-Ryazanskiy,54.4072,40.3806,17.01,94,22,4.65,RU,2021-11-23 18:01:39
37,Brae,60.3964,-1.353,49.91,85,100,22.1,GB,2021-11-23 18:01:39
38,Provideniya,64.3833,-173.3,9.66,66,4,8.55,RU,2021-11-23 18:01:40
39,Bud,39.447,-86.1758,41.05,40,31,5.3,US,2021-11-23 18:01:40
40,Mar Del Plata,-38.0023,-57.5575,57.87,78,5,18.99,AR,2021-11-23 18:00:06
41,Upernavik,72.7868,-56.1549,0.14,69,12,7.25,GL,2021-11-23 18:01:41
42,Albany,42.6001,-73.9662,37.45,50,4,1.99,US,2021-11-23 18:00:14
43,Tiksi,71.6872,128.8694,-21.6,98,76,6.85,RU,2021-11-23 18:01:41
44,Atasu,48.6814,71.6433,33.62,99,100,11.59,KZ,2021-11-23 18:02:42
45,Hermanus,-34.4187,19.2345,67.89,73,50,13.02,ZA,2021-11-23 18:02:42
46,Gizo,-8.103,156.8419,82.8,77,94,8.84,SB,2021-11-23 18:02:42
47,Hobart,-42.8794,147.3294,60.06,87,100,1.99,AU,2021-11-23 18:00:02
48,Mana,5.6592,-53.7767,83.01,75,62,9.26,GF,2021-11-23 18:02:43
49,Mishelevka,52.8575,103.1719,12.06,98,98,4.25,RU,2021-11-23 18:02:43
50,Sumkino,58.1108,68.3244,20.34,91,100,11.1,RU,2021-11-23 18:02:44
51,Atar,20.5169,-13.0499,89.49,23,79,9.51,MR,2021-11-23 18:02:44
52,Carnarvon,-24.8667,113.6333,70.61,74,0,17.16,AU,2021-11-23 18:00:11
53,Aswan,24.0934,32.907,69.69,28,0,11.21,EG,2021-11-23 18:02:45
54,Jamestown,42.097,-79.2353,35.19,82,75,8.99,US,2021-11-23 18:02:45
55,Sao Jose Da Coroa Grande,-8.8978,-35.1478,84.67,63,50,11.83,BR,2021-11-23 18:02:45
56,Corner Brook,48.9667,-57.9484,48.22,80,100,24.09,CA,2021-11-23 18:00:03
57,Sitka,57.0531,-135.33,35.49,93,90,0.0,US,2021-11-23 17:59:01
58,Kapaa,22.0752,-159.319,77.32,80,20,1.99,US,2021-11-23 18:02:46
59,Saldanha,-33.0117,17.9442,62.74,76,57,28.92,ZA,2021-11-23 18:02:42
60,Cherskiy,68.75,161.3,-33.43,100,46,4.54,RU,2021-11-23 18:02:41
61,Kutum,14.2,24.6667,67.66,17,11,9.64,SD,2021-11-23 18:02:47
62,Mtwara,-10.2667,40.1833,78.76,71,77,9.04,TZ,2021-11-23 18:02:47
63,Butaritari,3.0707,172.7902,81.61,77,49,17.4,KI,2021-11-23 18:02:48
64,Avarua,-21.2078,-159.775,75.25,69,99,6.91,CK,2021-11-23 18:02:48
65,Sao Joao Da Barra,-21.6403,-41.0511,76.06,75,72,10.31,BR,2021-11-23 18:02:49
66,Dikson,73.5069,80.5464,-0.67,97,100,15.03,RU,2021-11-23 18:02:49
67,Khuzdar,27.7384,66.6434,61.27,26,0,6.55,PK,2021-11-23 18:02:49
68,Makubetsu,45.3714,141.8211,32.27,67,100,25.77,JP,2021-11-23 18:02:50
69,Yellowknife,62.456,-114.3525,-14.58,95,90,4.0,CA,2021-11-23 18:02:50
70,Port Elizabeth,-33.918,25.5701,62.89,67,20,10.36,ZA,2021-11-23 17:58:34
71,Lebu,-37.6167,-73.65,61.56,67,0,17.18,CL,2021-11-23 18:02:51
72,Mangla,31.8931,72.3817,65.55,15,1,5.19,PK,2021-11-23 18:02:51
73,Avera,33.194,-82.5271,53.74,24,0,7.38,US,2021-11-23 18:02:51
74,Chernushka,56.5072,56.0766,14.41,94,100,12.48,RU,2021-11-23 18:02:52
75,Qaanaaq,77.484,-69.3632,-6.48,69,96,9.37,GL,2021-11-23 18:02:52
76,Port Alfred,-33.5906,26.891,61.9,71,53,19.8,ZA,2021-11-23 18:02:52
77,Monywa,22.1167,95.1333,72.73,86,6,3.91,MM,2021-11-23 18:02:53
78,Port Lincoln,-34.7333,135.8667,61.02,90,31,1.92,AU,2021-11-23 18:02:53
79,Yulara,-25.2406,130.9889,67.84,68,75,10.36,AU,2021-11-23 17:58:24
80,Collie,-33.3667,116.15,50.99,81,0,5.1,AU,2021-11-23 18:02:54
81,Chapais,49.7834,-74.8492,19.18,79,100,9.64,CA,2021-11-23 18:02:45
82,Dengzhou,37.8086,120.7508,41.34,53,0,10.74,CN,2021-11-23 18:02:54
83,La Rioja,42.25,-2.5,35.38,100,100,2.26,ES,2021-11-23 18:02:55
84,Ushuaia,-54.8,-68.3,46.02,65,90,5.75,AR,2021-11-23 18:02:55
85,Georgetown,5.4112,100.3354,78.73,91,20,5.75,MY,2021-11-23 18:00:19
86,Victoria,22.2855,114.1577,64.33,61,96,1.01,HK,2021-11-23 17:59:22
87,Norman Wells,65.282,-126.8329,-21.96,76,75,4.61,CA,2021-11-23 17:58:30
88,Qandala,11.472,49.8728,79.57,52,88,1.77,SO,2021-11-23 18:02:56
89,Lingao,19.9103,109.6859,66.42,68,94,9.78,CN,2021-11-23 18:03:56
90,Yerbogachen,61.2767,108.0108,7.07,95,100,6.08,RU,2021-11-23 17:59:22
91,Inyonga,-6.7167,32.0667,73.99,50,61,4.65,TZ,2021-11-23 18:03:19
92,Arraial Do Cabo,-22.9661,-42.0278,74.35,76,42,10.49,BR,2021-11-23 18:01:51
93,Khash,28.2211,61.2158,58.42,25,0,2.37,IR,2021-11-23 18:03:57
94,Cape Town,-33.9258,18.4232,68.11,63,20,24.16,ZA,2021-11-23 17:59:40
95,Saint-Augustin,51.226,-58.6502,41.11,90,100,21.65,CA,2021-11-23 18:03:58
96,Bredasdorp,-34.5322,20.0403,62.28,70,47,6.62,ZA,2021-11-23 18:03:58
97,Puerto Ayora,-0.7393,-90.3518,78.76,72,23,10.54,EC,2021-11-23 18:03:59
98,Vaini,-21.2,-175.2,69.96,100,40,0.0,TO,2021-11-23 18:03:59
99,Kahului,20.8947,-156.47,77.85,75,46,5.01,US,2021-11-23 18:00:55
100,Lethem,3.3803,-59.7968,91.2,48,63,10.31,GY,2021-11-23 18:04:00
101,Sartana,47.1744,37.6927,36.86,25,100,8.57,UA,2021-11-23 18:04:00
102,Fairbanks,64.8378,-147.7164,1.36,60,90,0.0,US,2021-11-23 18:04:00
103,Bambous Virieux,-20.3428,57.7575,73.22,74,42,7.23,MU,2021-11-23 18:04:01
104,Faanui,-16.4833,-151.75,80.08,73,97,4.23,PF,2021-11-23 18:04:01
105,Kruisfontein,-34.0033,24.7314,59.88,77,87,5.79,ZA,2021-11-23 18:04:02
106,Tabriz,38.08,46.2919,36.86,70,0,4.61,IR,2021-11-23 18:04:02
107,Ponta Delgada,37.7333,-25.6667,66.51,88,40,11.5,PT,2021-11-23 18:04:02
108,Mehamn,71.0357,27.8492,21.11,83,100,18.23,NO,2021-11-23 17:59:41
109,Innisfail,-17.5333,146.0333,76.26,88,91,3.62,AU,2021-11-23 17:59:28
110,Saint-Philippe,-21.3585,55.7679,76.59,79,55,8.23,RE,2021-11-23 18:04:03
111,Karabash,55.4808,60.2157,15.8,84,71,12.48,RU,2021-11-23 18:04:03
112,Northam,51.0333,-4.2167,46.29,93,30,4.07,GB,2021-11-23 18:04:04
113,Nsanje,-16.92,35.262,88.32,43,33,4.72,MW,2021-11-23 18:04:04
114,Katsuura,35.1333,140.3,54.19,60,1,32.46,JP,2021-11-23 18:04:04
115,Quzhou,28.9594,118.8686,42.15,74,1,2.37,CN,2021-11-23 18:04:05
116,Ust-Ilimsk,58.0006,102.6619,9.86,98,51,4.29,RU,2021-11-23 18:04:05
117,Hermiston,45.8404,-119.2895,48.11,88,90,4.61,US,2021-11-23 18:04:05
118,Waitati,-45.75,170.5667,48.36,84,22,2.75,NZ,2021-11-23 18:04:06
119,Khatanga,71.9667,102.5,0.61,79,100,18.45,RU,2021-11-23 18:03:27
120,Pevek,69.7008,170.3133,-19.91,98,49,3.0,RU,2021-11-23 18:04:06
121,Quixada,-4.9714,-39.0153,98.62,24,41,6.55,BR,2021-11-23 18:03:34
122,Qaqortoq,60.7167,-46.0333,22.42,64,94,8.08,GL,2021-11-23 17:59:38
123,Micheweni,-4.9667,39.8333,81.25,81,88,10.92,TZ,2021-11-23 18:04:07
124,Matara,5.9485,80.5353,77.43,90,100,4.59,LK,2021-11-23 18:04:07
125,Thompson,55.7435,-97.8558,9.36,88,100,7.61,CA,2021-11-23 18:03:08
126,Buraydah,26.326,43.975,63.25,44,6,10.31,SA,2021-11-23 18:04:08
127,Araouane,18.9048,-3.5265,84.4,25,100,7.67,ML,2021-11-23 18:04:08
128,Fairhope,30.523,-87.9033,61.77,31,0,8.01,US,2021-11-23 18:00:32
129,Mapimi,25.8167,-103.85,66.97,40,67,6.35,MX,2021-11-23 18:04:09
130,Kifri,34.6959,44.9661,63.64,37,0,7.02,IQ,2021-11-23 18:04:09
131,Alyangula,-13.8483,136.4192,82.83,71,24,12.75,AU,2021-11-23 18:04:09
132,Sosua,19.7667,-70.5167,91.38,70,75,9.22,DO,2021-11-23 18:04:10
133,Nhulunbuy,-12.2333,136.7667,81.21,83,70,4.61,AU,2021-11-23 17:59:30
134,Kulhudhuffushi,6.6221,73.07,81.5,74,99,12.93,MV,2021-11-23 18:04:10
135,Chokurdakh,70.6333,147.9167,-20.83,97,85,6.11,RU,2021-11-23 18:05:11
136,Castro,-24.7911,-50.0119,84.9,34,6,4.85,BR,2021-11-23 18:05:11
137,Yakima,46.4665,-120.6678,37.98,93,90,4.61,US,2021-11-23 18:05:11
138,Taketoyo,34.85,136.9167,49.93,57,20,19.57,JP,2021-11-23 18:05:12
139,Hilo,19.7297,-155.09,76.62,75,1,6.91,US,2021-11-23 18:03:06
140,Saskylakh,71.9167,114.0833,-27.09,97,12,10.33,RU,2021-11-23 18:05:12
141,Sept-Iles,50.2001,-66.3821,31.05,67,100,8.01,CA,2021-11-23 18:01:20
142,Nago,26.5881,127.9761,66.27,63,89,11.81,JP,2021-11-23 18:05:13
143,Faisalabad,31.4167,73.0833,65.95,15,2,5.35,PK,2021-11-23 18:01:27
144,Half Moon Bay,37.4636,-122.4286,63.05,68,1,1.99,US,2021-11-23 18:05:13
145,Valleyview,55.0667,-117.2859,7.56,82,99,8.68,CA,2021-11-23 18:05:14
146,Xinqing,48.2333,129.5,17.82,91,100,11.03,CN,2021-11-23 18:05:14
147,Pangkalanbuun,-2.6833,111.6167,74.1,98,100,2.3,ID,2021-11-23 18:05:14
148,Mahebourg,-20.4081,57.7,73.26,74,42,7.25,MU,2021-11-23 18:05:15
149,Bengkulu,-3.8004,102.2655,74.86,88,100,5.01,ID,2021-11-23 18:05:15
150,Yuzhno-Kurilsk,44.0306,145.8556,38.53,68,93,14.54,RU,2021-11-23 18:05:16
151,Ndele,8.4109,20.6473,79.66,28,21,4.32,CF,2021-11-23 18:05:16
152,Boa Vista,2.8197,-60.6733,91.38,49,40,9.22,BR,2021-11-23 18:05:16
153,Bukachacha,52.9833,116.9167,-5.24,85,4,3.67,RU,2021-11-23 18:05:17
154,Anuchino,43.9622,133.0544,14.27,86,100,12.1,RU,2021-11-23 18:05:17
155,Karratha,-20.7377,116.8463,79.97,53,95,10.29,AU,2021-11-23 18:05:18
156,Bambanglipuro,-7.95,110.2833,76.46,91,98,7.18,ID,2021-11-23 18:05:18
157,Yar-Sale,66.8333,70.8333,11.16,96,100,7.67,RU,2021-11-23 18:04:19
158,Paamiut,61.994,-49.6678,33.17,57,100,29.53,GL,2021-11-23 18:05:18
159,East London,-33.0153,27.9116,63.19,64,8,20.36,ZA,2021-11-23 18:05:19
160,Canberra,-35.2835,149.1281,59.74,92,90,1.14,AU,2021-11-23 18:05:19
161,Alofi,-19.0595,-169.9187,78.13,70,74,9.75,NU,2021-11-23 18:05:20
162,Hazorasp,41.3194,61.0742,39.04,43,7,6.6,UZ,2021-11-23 18:05:20
163,Los Llanos De Aridane,28.6585,-17.9182,67.75,90,20,1.14,ES,2021-11-23 18:05:21
164,Iqaluit,63.7506,-68.5145,31.73,93,75,23.0,CA,2021-11-23 18:05:21
165,Kavieng,-2.5744,150.7967,83.07,76,98,16.75,PG,2021-11-23 18:05:21
166,Sao Miguel Do Araguaia,-13.275,-50.1628,85.55,64,83,2.71,BR,2021-11-23 18:05:22
167,Maniitsoq,65.4167,-52.9,27.75,49,100,23.62,GL,2021-11-23 18:05:22
168,Iracoubo,5.4802,-53.2011,83.26,72,88,10.2,GF,2021-11-23 18:05:22
169,Shiyan,32.6475,110.7781,44.67,64,55,5.66,CN,2021-11-23 18:05:23
170,Stornoway,58.2093,-6.3865,48.16,92,75,5.01,GB,2021-11-23 18:05:23
171,Karachi,24.9056,67.0822,71.42,68,4,5.75,PK,2021-11-23 18:02:29
172,Cabo San Lucas,22.8909,-109.9124,83.61,65,20,4.0,MX,2021-11-23 18:05:24
173,Awbari,26.5921,12.7805,71.31,25,88,4.99,LY,2021-11-23 18:05:24
174,Cap Malheureux,-19.9842,57.6142,73.47,83,56,10.58,MU,2021-11-23 18:05:25
175,Raufoss,60.7264,10.6172,30.65,92,100,3.56,NO,2021-11-23 18:05:25
176,Bathsheba,13.2167,-59.5167,82.4,72,43,13.11,BB,2021-11-23 18:05:26
177,Bandarbeyla,9.4942,50.8122,80.56,71,100,15.64,SO,2021-11-23 18:05:26
178,Southbridge,42.0751,-72.0334,40.51,43,53,8.01,US,2021-11-23 18:06:26
179,Alta Floresta,-9.8756,-56.0861,84.13,73,98,5.28,BR,2021-11-23 18:06:27
180,Margate,51.3813,1.3862,46.31,80,42,7.38,GB,2021-11-23 18:06:27
181,Basco,20.4487,121.9702,77.38,77,86,24.54,PH,2021-11-23 18:06:28
182,Wuhu,31.3366,118.3755,41.88,42,0,5.86,CN,2021-11-23 18:06:28
183,Semirom,31.4167,51.5667,41.02,70,0,5.23,IR,2021-11-23 18:06:28
184,Bodden Town,19.2833,-81.25,82.4,72,75,11.99,KY,2021-11-23 18:03:16
185,Ruidoso,33.3317,-105.673,61.9,42,1,3.0,US,2021-11-23 18:06:29
186,Mount Isa,-20.7333,139.5,80.37,32,90,4.61,AU,2021-11-23 18:06:29
187,Hobyo,5.3505,48.5268,81.01,71,52,9.35,SO,2021-11-23 18:03:15
188,San Patricio,28.017,-97.5169,75.29,46,56,6.08,US,2021-11-23 18:06:30
189,Laguna,38.421,-121.4238,64.96,81,1,4.61,US,2021-11-23 18:05:38
190,Itauna,-20.0753,-44.5764,84.51,41,36,7.23,BR,2021-11-23 18:06:30
191,Noumea,-22.2763,166.4572,69.78,89,83,6.29,NC,2021-11-23 18:06:31
192,Koutsouras,35.0339,25.9469,68.11,71,51,11.65,GR,2021-11-23 18:06:31
193,Pacific Grove,36.6177,-121.9166,66.38,66,1,1.99,US,2021-11-23 18:06:31
194,Portland,45.5234,-122.6762,48.27,94,90,1.99,US,2021-11-23 18:05:06
195,Ferme-Neuve,46.7001,-75.4493,27.5,52,98,8.81,CA,2021-11-23 18:06:32
196,Beloha,-25.1667,45.05,74.79,66,83,6.33,MG,2021-11-23 18:06:32
197,Haukipudas,65.1765,25.3523,28.45,94,100,14.45,FI,2021-11-23 18:06:33
198,Natal,-5.795,-35.2094,85.8,62,43,12.39,BR,2021-11-23 18:01:57
199,Havre-Saint-Pierre,50.2334,-63.5986,30.56,100,90,8.05,CA,2021-11-23 18:06:33
200,San Policarpo,12.1791,125.5072,80.65,84,70,12.08,PH,2021-11-23 18:06:34
201,Asau,46.4333,26.4,34.75,95,98,1.9,RO,2021-11-23 18:06:34
202,Phan Thiet,10.9333,108.1,74.17,87,73,8.16,VN,2021-11-23 18:06:34
203,Longyearbyen,78.2186,15.6401,4.84,78,20,11.5,SJ,2021-11-23 18:02:56
204,Takoradi,4.8845,-1.7554,81.09,80,59,8.3,GH,2021-11-23 18:06:35
205,San Lawrenz,36.0553,14.204,61.86,80,0,10.36,MT,2021-11-23 18:06:35
206,Aklavik,68.2191,-135.0107,-9.4,77,40,6.91,CA,2021-11-23 18:06:36
207,Dunedin,-45.8742,170.5036,48.61,85,25,5.55,NZ,2021-11-23 18:03:21
208,Tuktoyaktuk,69.4541,-133.0374,-5.76,96,100,4.09,CA,2021-11-23 18:02:56
209,Ancud,-41.8697,-73.8203,67.53,80,44,9.51,CL,2021-11-23 18:06:36
210,Harper,4.375,-7.7169,80.65,81,54,8.05,LR,2021-11-23 18:06:37
211,Belaya Gora,68.5333,146.4167,-21.35,99,100,1.88,RU,2021-11-23 18:06:37
212,Erzin,36.9559,36.2,59.52,62,98,1.9,TR,2021-11-23 18:06:38
213,Beringovskiy,63.05,179.3167,-7.04,88,17,9.1,RU,2021-11-23 18:06:38
214,Craig,40.5153,-107.5464,48.85,39,1,5.75,US,2021-11-23 18:06:39
215,Alekseyevsk,57.8406,108.3492,15.44,97,100,1.88,RU,2021-11-23 18:06:39
216,Meru,0.0463,37.6559,64.04,69,98,3.36,KE,2021-11-23 18:06:40
217,Gucheng,35.9115,111.3192,38.1,40,0,2.75,CN,2021-11-23 18:06:40
218,Airai,-8.9266,125.4092,61.2,87,91,1.19,TL,2021-11-23 18:06:40
219,Karasjok,69.4719,25.5112,12.31,100,100,1.59,NO,2021-11-23 18:06:41
220,Hambantota,6.1241,81.1185,77.79,85,100,3.33,LK,2021-11-23 18:03:07
221,Talnakh,69.4865,88.3972,10.72,91,95,12.55,RU,2021-11-23 18:06:41
222,Quatre Cocos,-20.2078,57.7625,73.09,74,47,7.58,MU,2021-11-23 18:06:41
223,Codrington,-38.2667,141.9667,56.1,96,93,6.31,AU,2021-11-23 18:07:42
224,Monrovia,6.3005,-10.7969,87.57,77,36,8.86,LR,2021-11-23 18:02:55
225,Ulladulla,-35.35,150.4667,63.77,92,100,2.66,AU,2021-11-23 18:07:42
226,Souillac,-20.5167,57.5167,73.36,75,51,7.0,MU,2021-11-23 18:04:09
227,Constitucion,-35.3333,-72.4167,65.05,70,19,11.72,CL,2021-11-23 18:07:43
228,Okhotsk,59.3833,143.3,3.74,84,100,15.55,RU,2021-11-23 18:07:43
229,Grindavik,63.8424,-22.4338,32.47,80,75,8.05,IS,2021-11-23 18:04:13
230,Mackenzie,55.2999,-123.1698,21.6,87,100,3.51,CA,2021-11-23 18:07:44
231,Saint-Francois,46.4154,3.9054,38.68,83,0,2.3,FR,2021-11-23 18:07:44
232,El Carmen,8.5106,-73.4478,75.99,78,98,1.77,CO,2021-11-23 18:07:45
233,Svetlogorsk,52.6333,29.7333,27.27,94,97,4.52,BY,2021-11-23 18:07:45
234,Pitimbu,-7.4706,-34.8086,86.59,66,98,10.36,BR,2021-11-23 18:07:45
235,Kilifi,-3.6305,39.8499,79.57,85,94,8.37,KE,2021-11-23 18:07:46
236,Kuytun,54.3419,101.5036,15.12,96,98,6.96,RU,2021-11-23 18:07:46
237,Zhezkazgan,47.8043,67.7144,35.98,99,100,8.1,KZ,2021-11-23 18:07:47
238,Mao,39.8885,4.2658,59.56,88,40,10.36,ES,2021-11-23 18:07:47
239,Gossaigaon,26.4481,89.989,63.99,77,0,5.99,IN,2021-11-23 18:07:47
240,Saint-Louis,16.3333,-15.0,96.24,13,6,9.1,SN,2021-11-23 18:07:48
241,Trairi,-3.2778,-39.2689,86.27,63,22,14.83,BR,2021-11-23 18:05:55
242,Tuatapere,-46.1333,167.6833,47.37,91,96,3.04,NZ,2021-11-23 18:07:48
243,Jinji,23.2281,110.8261,51.53,67,41,3.04,CN,2021-11-23 18:07:49
244,Pontes E Lacerda,-15.2261,-59.3353,89.01,55,100,6.71,BR,2021-11-23 18:03:24
245,Bikaner,28.0167,73.3,70.84,11,0,6.4,IN,2021-11-23 18:07:49
246,Vermillion,42.7794,-96.9292,63.27,27,27,17.54,US,2021-11-23 18:07:50
247,Komsomolskiy,40.4272,71.7189,40.42,33,91,4.21,UZ,2021-11-23 18:07:50
248,Itarema,-2.9248,-39.9167,86.52,60,29,18.05,BR,2021-11-23 18:07:51
249,Visnes,59.3556,5.2242,48.81,87,75,19.57,NO,2021-11-23 18:07:51
250,Las Varas,21.1667,-105.1667,92.68,55,12,5.23,MX,2021-11-23 18:07:51
251,Urucui,-7.2294,-44.5561,88.54,52,86,4.94,BR,2021-11-23 18:07:52
252,Lasa,46.6166,10.7002,40.62,84,11,1.43,IT,2021-11-23 18:07:52
253,Bonavista,48.6499,-53.1147,42.12,81,100,27.13,CA,2021-11-23 18:07:53
254,Vardo,70.3705,31.1107,28.38,64,75,10.36,NO,2021-11-23 18:07:53
255,Pangnirtung,66.1451,-65.7125,30.2,64,75,28.77,CA,2021-11-23 18:07:53
256,Denia,38.8408,0.1057,55.74,69,22,3.0,ES,2021-11-23 18:07:54
257,Carbonia,39.1672,8.5222,61.0,87,10,3.96,IT,2021-11-23 18:07:54
258,Hokitika,-42.7167,170.9667,54.82,88,31,2.86,NZ,2021-11-23 18:07:55
259,Salalah,17.0151,54.0924,87.89,14,0,11.5,OM,2021-11-23 18:05:31
260,Brownsville,25.9018,-97.4975,76.98,61,40,5.01,US,2021-11-23 18:07:27
261,Plyussa,58.4308,29.3654,26.49,87,24,5.39,RU,2021-11-23 18:07:55
262,Zalantun,48.0,122.7167,11.79,59,69,16.67,CN,2021-11-23 18:07:56
263,Huarmey,-10.0681,-78.1522,71.44,71,95,10.83,PE,2021-11-23 18:07:56
264,Alanganallur,10.0667,78.05,74.71,92,100,5.03,IN,2021-11-23 18:06:04
265,Sisimiut,66.9395,-53.6735,17.91,62,100,20.71,GL,2021-11-23 18:07:57
266,Camabatela,-8.1881,15.375,64.02,93,57,1.74,AO,2021-11-23 18:07:57
267,Ouesso,1.6136,16.0517,76.21,78,90,2.13,CG,2021-11-23 18:07:57
268,Ahipara,-35.1667,173.1667,60.12,84,96,4.61,NZ,2021-11-23 18:08:58
269,Serenje,-13.2325,30.2352,68.5,71,59,1.25,ZM,2021-11-23 18:08:58
270,Tuzha,57.6062,47.936,15.62,87,70,10.2,RU,2021-11-23 18:08:59
271,Hasaki,35.7333,140.8333,39.6,63,9,14.34,JP,2021-11-23 18:08:59
272,Chirongui,-12.9319,45.1483,80.53,74,55,8.12,YT,2021-11-23 18:08:59
273,Kenai,60.5544,-151.2583,10.15,91,90,5.75,US,2021-11-23 18:06:48
274,Balkanabat,39.5108,54.3671,54.01,55,0,2.19,TM,2021-11-23 18:09:00
275,Nome,64.5011,-165.4064,6.87,47,1,0.0,US,2021-11-23 18:09:00
276,Smithers,54.7804,-127.1743,27.05,91,88,1.97,CA,2021-11-23 18:09:01
277,Grand-Lahou,5.1367,-5.0242,80.62,80,35,7.63,CI,2021-11-23 18:09:01
278,Hami,42.8,93.45,26.64,63,37,1.81,CN,2021-11-23 18:08:57
279,Cap-Aux-Meules,47.3821,-61.8597,48.25,100,90,8.05,CA,2021-11-23 18:09:02
280,Chuy,-33.6971,-53.4616,67.15,46,0,13.89,UY,2021-11-23 18:09:02
281,Emilio Carranza,19.9711,-96.6114,69.62,86,100,10.42,MX,2021-11-23 18:09:03
282,Jibuti,11.5,42.5,78.22,60,53,10.85,DJ,2021-11-23 18:09:03
283,Kantemirovka,49.7089,39.8592,28.49,71,100,7.78,RU,2021-11-23 18:09:04
284,Rudnogorsk,57.2639,103.7519,5.04,99,90,2.75,RU,2021-11-23 18:09:04
285,Cidreira,-30.1811,-50.2056,72.27,61,28,16.04,BR,2021-11-23 18:09:04
286,Haimen,23.1935,116.6142,58.71,66,49,8.77,CN,2021-11-23 18:09:05
287,Severnyy,50.677,36.5532,28.44,69,75,4.47,RU,2021-11-23 18:09:05
288,Ruwi,23.5996,58.5507,73.09,36,5,3.76,OM,2021-11-23 18:09:06
289,Fortuna,40.5982,-124.1573,54.32,85,1,1.99,US,2021-11-23 18:09:06
290,Coquimbo,-29.9533,-71.3436,62.33,67,75,12.66,CL,2021-11-23 18:09:06
291,Port-Gentil,-0.7193,8.7815,78.35,83,98,10.29,GA,2021-11-23 18:09:07
292,Lorengau,-2.0226,147.2712,81.91,79,99,10.58,PG,2021-11-23 18:09:07
293,Sandpoint,48.2766,-116.5533,35.46,94,90,3.44,US,2021-11-23 18:09:08
294,Ous,60.9058,61.5186,1.65,94,72,4.54,RU,2021-11-23 18:09:08
295,Charters Towers,-20.1,146.2667,73.94,88,98,10.54,AU,2021-11-23 18:09:09
296,Safford,32.834,-109.7076,69.93,27,75,8.05,US,2021-11-23 18:09:09
297,Guanica,17.9716,-66.908,86.92,68,93,8.01,PR,2021-11-23 18:09:09
298,Husavik,66.0449,-17.3389,31.77,83,100,9.06,IS,2021-11-23 18:09:10
299,Kavaratti,10.5669,72.642,81.91,77,48,12.53,IN,2021-11-23 18:09:10
300,Coahuayana,18.7333,-103.6833,90.88,54,8,5.57,MX,2021-11-23 18:09:11
301,Svetlaya,46.5389,138.3297,18.84,64,92,9.6,RU,2021-11-23 18:09:11
302,Samarai,-10.6167,150.6667,82.76,78,61,10.09,PG,2021-11-23 18:09:11
303,Sawtell,-30.3833,153.1,68.18,100,90,4.61,AU,2021-11-23 18:09:12
304,Kholmogory,64.2229,41.656,24.91,94,83,7.09,RU,2021-11-23 18:09:12
305,Gushikawa,26.3544,127.8686,65.43,63,40,5.75,JP,2021-11-23 18:09:12
306,Hualmay,-11.0964,-77.6139,70.77,71,98,10.58,PE,2021-11-23 18:09:13
307,Pekan,3.4836,103.3996,77.9,87,94,2.91,MY,2021-11-23 18:09:13
308,Moose Factory,51.2585,-80.6094,19.38,79,90,12.66,CA,2021-11-23 18:09:14
309,Surduc,47.25,23.35,35.01,73,27,4.72,RO,2021-11-23 18:09:14
310,Tottori,35.5,134.2333,47.16,69,64,22.84,JP,2021-11-23 18:09:14
311,Nisia Floresta,-6.0911,-35.2086,86.81,58,66,13.47,BR,2021-11-23 18:09:15
312,Russell,32.3502,-85.1999,55.99,20,1,6.91,US,2021-11-23 18:06:58
313,Kilindoni,-7.9139,39.6668,80.76,73,83,14.36,TZ,2021-11-23 18:09:15
314,Dahod,22.8333,74.2667,74.34,49,0,2.37,IN,2021-11-23 18:10:16
315,Esperance,-33.8667,121.9,57.07,71,57,6.6,AU,2021-11-23 18:10:16
316,Esil,51.9556,66.4042,13.68,95,21,8.84,KZ,2021-11-23 18:10:16
317,Virginia Beach,36.8529,-75.978,46.45,47,40,19.57,US,2021-11-23 18:10:17
318,Taree,-31.9,152.4667,67.93,100,40,8.05,AU,2021-11-23 18:10:17
319,Vostok,46.4856,135.8833,7.52,92,100,9.98,RU,2021-11-23 18:10:17
320,Catumbela,-12.4314,13.5472,78.24,81,95,5.37,AO,2021-11-23 18:10:18
321,Tazovskiy,67.4667,78.7,15.33,93,100,13.02,RU,2021-11-23 18:10:18
322,Creel,27.75,-107.6333,59.68,28,100,12.17,MX,2021-11-23 18:10:19
323,Bull Savanna,17.8868,-77.5902,81.39,59,76,6.04,JM,2021-11-23 18:10:19
324,San Carlos De Bariloche,-41.1456,-71.3082,80.44,27,20,19.57,AR,2021-11-23 18:10:19
325,Ciudad Guayana,8.3533,-62.6528,93.11,41,68,5.06,VE,2021-11-23 18:10:20
326,Bubaque,11.2833,-15.8333,82.87,76,5,8.97,GW,2021-11-23 18:10:20
327,Lerwick,60.1545,-1.1494,50.0,85,100,22.97,GB,2021-11-23 18:10:21
328,North Platte,41.1239,-100.7654,60.69,28,1,5.01,US,2021-11-23 18:10:21
329,Camana,-16.6228,-72.7111,70.34,73,34,7.31,PE,2021-11-23 18:10:21
330,Belgrade,44.804,20.4651,39.38,86,0,6.91,RS,2021-11-23 18:09:39
331,Verbilki,56.5333,37.6,21.87,87,93,5.93,RU,2021-11-23 18:10:22
332,Srednekolymsk,67.45,153.6833,-30.15,100,65,5.55,RU,2021-11-23 18:10:22
333,Ilhabela,-23.7781,-45.3581,81.14,52,5,2.64,BR,2021-11-23 18:10:23
334,Along,28.1667,94.7667,55.69,92,14,1.79,IN,2021-11-23 18:10:23
335,Candelaria,13.9311,121.4233,76.73,92,78,6.11,PH,2021-11-23 18:10:23
336,Galesong,-5.3166,119.3661,80.38,78,84,2.68,ID,2021-11-23 18:08:06
337,Gautier,30.3858,-88.6117,63.09,30,1,11.5,US,2021-11-23 18:10:24
338,Loviisa,60.4566,26.2251,30.43,88,100,7.67,FI,2021-11-23 18:10:25
339,Druzhba,52.0428,33.9453,25.52,55,86,1.28,UA,2021-11-23 18:10:25
340,Schattdorf,46.8655,8.6547,44.4,90,58,3.91,CH,2021-11-23 18:10:26
341,Port Hedland,-20.3167,118.5667,78.85,78,98,5.75,AU,2021-11-23 18:10:26
342,Zyryanka,65.75,150.85,-24.92,97,75,7.31,RU,2021-11-23 18:10:27
343,Trabzon,40.9167,39.8333,51.89,58,75,3.44,TR,2021-11-23 18:10:27
344,Nichinan,31.6,131.3667,46.76,78,15,7.54,JP,2021-11-23 18:09:13
345,Sorland,67.667,12.6934,40.86,63,100,19.04,NO,2021-11-23 18:10:27
346,Am Timan,11.0297,20.2827,81.63,20,6,5.14,TD,2021-11-23 18:10:28
347,Ostrovnoy,68.0531,39.5131,14.77,93,95,11.56,RU,2021-11-23 18:10:28
348,Castlegar,49.2998,-117.6689,41.29,88,100,0.94,CA,2021-11-23 18:10:29
349,Kingaroy,-26.5333,151.8333,64.44,100,75,5.75,AU,2021-11-23 18:10:29
350,Ust-Kut,56.7938,105.7672,11.46,98,100,3.09,RU,2021-11-23 18:10:29
351,Shasta Lake,40.6804,-122.3708,57.43,63,38,3.33,US,2021-11-23 18:06:02
352,Pangai,-19.8,-174.35,79.45,74,74,3.98,TO,2021-11-23 18:10:30
353,Vila Velha,-20.3297,-40.2925,82.35,74,0,1.01,BR,2021-11-23 18:06:02
354,Mantua,45.1667,10.7833,51.28,84,67,1.01,IT,2021-11-23 18:10:30
355,Acapulco,16.8634,-99.8901,85.82,79,20,8.05,MX,2021-11-23 18:09:35
356,Montalban,44.0167,1.35,54.21,78,70,15.95,FR,2021-11-23 18:10:31
357,Plouzane,48.3833,-4.6167,48.52,81,0,14.97,FR,2021-11-23 18:10:31
358,Pandan,14.0453,124.1694,79.99,80,50,10.69,PH,2021-11-23 18:10:32
359,Goderich,43.7501,-81.7165,35.91,57,100,14.52,CA,2021-11-23 18:10:32
360,Kargil,34.5667,76.1,18.1,55,98,2.42,IN,2021-11-23 18:11:33
361,Cairns,-16.9167,145.7667,78.06,92,75,0.0,AU,2021-11-23 18:11:33
362,Lyantonde,-0.4031,31.1572,67.12,64,88,2.53,UG,2021-11-23 18:11:33
363,Maues,-3.3836,-57.7186,90.07,52,100,3.13,BR,2021-11-23 18:11:34
364,Torbay,47.6666,-52.7314,41.58,86,100,5.01,CA,2021-11-23 18:11:34
365,Cabo Rojo,18.0866,-67.1457,86.68,66,88,5.01,PR,2021-11-23 18:11:35
366,Hanzhong,33.0728,107.0303,43.68,65,98,1.34,CN,2021-11-23 18:09:03
367,Fort Nelson,58.8053,-122.7002,-2.56,97,97,0.83,CA,2021-11-23 18:11:35
368,Clyde River,70.4692,-68.5914,18.68,89,100,17.76,CA,2021-11-23 18:11:36
369,Isangel,-19.55,169.2667,76.8,86,100,8.25,VU,2021-11-23 18:08:11
370,Chapada Dos Guimaraes,-15.4606,-55.7497,85.66,72,71,3.91,BR,2021-11-23 18:11:36
371,Kuzovatovo,53.5468,47.6866,12.9,95,24,6.76,RU,2021-11-23 18:11:36
372,Santiago Del Estero,-27.7951,-64.2615,73.8,73,100,1.57,AR,2021-11-23 18:11:37
373,Tambura,5.6,27.4667,78.89,34,6,3.22,SS,2021-11-23 18:11:37
374,Nelson Bay,-32.7167,152.15,67.1,95,100,1.99,AU,2021-11-23 18:11:38
375,Dakar,14.6937,-17.4441,85.08,58,43,10.51,SN,2021-11-23 18:10:20
376,Aubenas,44.6201,4.3899,47.37,91,88,5.37,FR,2021-11-23 18:11:38
377,Santa Cruz,-17.8,-63.1667,90.12,49,97,12.1,BO,2021-11-23 18:11:38
378,Bombay,19.0144,72.8479,84.18,84,22,3.44,IN,2021-11-23 18:09:20
379,Tres Arroyos,-38.3739,-60.2798,84.7,15,3,16.91,AR,2021-11-23 18:11:39
380,Denpasar,-8.65,115.2167,78.46,88,40,0.0,ID,2021-11-23 18:11:39
381,Vestmannaeyjar,63.4427,-20.2734,36.59,87,75,23.02,IS,2021-11-23 18:10:26
382,Peleduy,59.6289,112.7406,-7.17,91,96,2.04,RU,2021-11-23 18:11:40
383,Panzhihua,26.5851,101.7128,53.53,81,99,2.93,CN,2021-11-23 18:11:40
384,Kenora,49.8167,-94.4337,33.78,68,85,13.0,CA,2021-11-23 18:08:40
385,Lubbock,33.6001,-101.8338,66.38,27,40,4.0,US,2021-11-23 18:11:41
386,Geraldton,-28.7667,114.6,59.41,77,0,11.5,AU,2021-11-23 18:08:08
387,Richards Bay,-28.783,32.0377,68.65,76,58,18.14,ZA,2021-11-23 18:11:41
388,Kieta,-6.2167,155.6333,79.57,80,93,1.72,PG,2021-11-23 18:11:42
389,Saint George,37.1041,-113.5841,65.35,36,20,0.0,US,2021-11-23 18:11:01
390,Moerai,-22.4333,-151.3333,73.15,67,11,9.75,PF,2021-11-23 18:11:42
391,Alice Springs,-23.7,133.8833,65.75,100,40,8.05,AU,2021-11-23 18:11:43
392,Belmonte,-15.8631,-38.8828,79.3,78,73,11.1,BR,2021-11-23 18:11:43
393,Whitianga,-36.8333,175.7,61.02,88,100,6.69,NZ,2021-11-23 18:11:44
394,Marawi,7.9986,124.2928,67.64,95,98,0.76,PH,2021-11-23 18:11:44
395,Meulaboh,4.1363,96.1285,76.91,87,100,6.22,ID,2021-11-23 18:11:44
396,Baruun-Urt,46.6806,113.2792,4.87,87,46,2.57,MN,2021-11-23 18:11:45
397,Severo-Kurilsk,50.6789,156.125,37.44,97,100,28.68,RU,2021-11-23 18:11:45
398,Calama,-22.4667,-68.9333,75.69,8,100,24.16,CL,2021-11-23 18:11:45
399,Santa Lucia,27.9117,-15.5407,63.72,84,75,5.75,ES,2021-11-23 18:11:46
400,Tigzirt,36.8886,4.1198,61.38,65,49,2.62,DZ,2021-11-23 18:11:46
401,Tecoanapa,16.5167,-98.75,84.9,65,3,7.23,MX,2021-11-23 18:11:46
402,Inhambane,-23.865,35.3833,76.69,89,95,3.42,MZ,2021-11-23 18:11:47
403,Mizan Teferi,6.9833,35.5833,64.98,73,25,2.04,ET,2021-11-23 18:11:47
404,Takaka,-40.85,172.8,60.98,89,61,1.45,NZ,2021-11-23 18:11:48
405,Roebourne,-20.7833,117.1333,81.07,44,98,7.52,AU,2021-11-23 18:11:48
406,Riyadh,24.6877,46.7219,68.14,51,6,14.45,SA,2021-11-23 18:09:11
407,Kathmandu,27.7167,85.3167,55.62,94,75,2.3,NP,2021-11-23 18:11:48
408,Maamba,-17.3667,27.15,73.98,75,73,3.0,ZM,2021-11-23 18:12:49
409,Skjervoy,70.0311,20.9714,19.58,76,100,16.26,NO,2021-11-23 18:12:49
410,San Luis,-33.295,-66.3356,90.0,28,24,18.92,AR,2021-11-23 18:12:50
411,Mackay,-21.15,149.2,74.68,80,100,7.67,AU,2021-11-23 18:12:50
412,Sinnamary,5.3833,-52.95,83.77,69,99,9.66,GF,2021-11-23 18:12:50
413,Porto Santo,33.072,-16.3415,68.38,73,40,11.5,PT,2021-11-23 18:12:51
414,Labrea,-7.2586,-64.7981,92.88,48,93,3.15,BR,2021-11-23 18:12:51
415,Ponta Do Sol,32.6667,-17.1,70.12,75,94,1.79,PT,2021-11-23 18:12:52
416,Leshukonskoye,64.8989,45.7622,9.41,99,94,2.93,RU,2021-11-23 18:12:52
417,Jiangyou,31.7667,104.7167,48.4,74,85,1.21,CN,2021-11-23 18:12:52
418,Wattegama,6.7989,81.4808,73.96,92,100,5.03,LK,2021-11-23 18:12:53
419,Samana,19.2056,-69.3369,89.82,70,40,6.91,DO,2021-11-23 18:12:53
420,Monaragala,6.8714,81.3487,74.19,92,100,5.64,LK,2021-11-23 18:12:53
421,College,64.8569,-147.8028,1.35,57,75,5.75,US,2021-11-23 18:09:39
422,Urumqi,43.801,87.6005,18.55,86,84,2.24,CN,2021-11-23 18:12:54
423,Anadyr,64.75,177.4833,-21.41,97,54,7.65,RU,2021-11-23 18:12:54
424,Vila Franca Do Campo,37.7167,-25.4333,66.2,89,100,14.99,PT,2021-11-23 18:12:55
425,Angoche,-16.2325,39.9086,80.31,82,70,12.37,MZ,2021-11-23 18:12:55
426,Swakopmund,-22.6833,14.5333,58.98,91,46,3.0,NA,2021-11-23 18:12:56
427,Waddan,29.1614,16.139,71.28,34,61,6.46,LY,2021-11-23 18:12:56
428,Thinadhoo,0.5333,72.9333,82.36,76,100,15.46,MV,2021-11-23 18:12:56
429,La Romana,18.4273,-68.9728,88.16,66,40,11.5,DO,2021-11-23 18:12:57
430,Vicuna,-30.0319,-70.7081,55.13,35,64,9.89,CL,2021-11-23 18:12:57
431,Amapa,1.0,-52.0,93.94,34,14,4.38,BR,2021-11-23 18:12:57
432,Tuy Hoa,13.0833,109.3,75.88,91,100,14.03,VN,2021-11-23 18:08:03
433,Huai Yot,7.7893,99.6348,74.59,98,100,4.92,TH,2021-11-23 18:12:58
434,Mozelos,41.8677,-8.3978,53.89,74,33,7.16,PT,2021-11-23 18:12:58
435,Caraballeda,10.6112,-66.8522,87.37,67,97,8.93,VE,2021-11-23 18:12:59
436,Rio Grande,-32.035,-52.0986,77.11,54,6,15.73,BR,2021-11-23 18:10:47
437,Iisaku,59.1014,27.3081,29.61,93,89,4.7,EE,2021-11-23 18:12:59
438,Acarau,-2.8856,-40.12,86.63,61,31,19.39,BR,2021-11-23 18:11:11
439,Carauari,-4.8828,-66.8958,90.73,57,94,1.81,BR,2021-11-23 18:08:18
440,Maningrida,-12.0667,134.2667,82.4,69,100,6.13,AU,2021-11-23 18:13:00
441,Poco Verde,-10.7083,-38.1833,97.32,24,99,7.11,BR,2021-11-23 18:13:00
442,Hornepayne,49.2138,-84.7705,27.32,70,92,10.74,CA,2021-11-23 18:13:01
443,Port Shepstone,-30.7414,30.455,66.78,67,69,25.14,ZA,2021-11-23 18:08:06
444,Mecca,21.4267,39.8261,76.23,46,3,4.16,SA,2021-11-23 18:13:01
445,Touros,-5.1989,-35.4608,86.9,65,37,14.27,BR,2021-11-23 18:13:02
446,Sikasso,10.9167,-7.0,85.21,19,1,2.98,ML,2021-11-23 18:13:02
447,Kaeo,-35.1,173.7833,62.33,96,97,6.51,NZ,2021-11-23 18:13:03
448,Turtas,58.9417,69.1325,19.6,92,100,10.16,RU,2021-11-23 18:13:03
449,Carahue,-38.7,-73.1667,79.0,38,0,8.68,CL,2021-11-23 18:13:03
450,Januaria,-15.4833,-44.3667,91.72,39,100,1.7,BR,2021-11-23 18:13:04
451,Tarauaca,-8.1614,-70.7656,72.99,99,100,0.67,BR,2021-11-23 18:13:04
452,Padang,-0.9492,100.3543,77.34,77,100,3.58,ID,2021-11-23 18:10:33
453,Kiunga,-6.1219,141.2906,72.75,97,84,1.14,PG,2021-11-23 18:14:05
454,Grand Gaube,-20.0064,57.6608,73.38,83,54,1.99,MU,2021-11-23 18:09:16
455,Kaohsiung,22.6163,120.3133,64.04,81,38,1.99,TW,2021-11-23 18:14:05
456,Pisco,-13.7,-76.2167,69.85,73,0,13.8,PE,2021-11-23 18:14:06
457,Gat,31.61,34.7642,64.81,69,1,3.91,IL,2021-11-23 18:11:18
458,Dingle,10.9995,122.6711,75.51,91,100,8.21,PH,2021-11-23 18:12:03
459,Vao,-22.6667,167.4833,74.12,75,100,8.99,NC,2021-11-23 18:14:06
460,Nizhniy Kuranakh,58.8353,125.4869,-6.84,96,100,3.96,RU,2021-11-23 18:14:07
461,Puerto Baquerizo Moreno,-0.9,-89.6,76.19,69,20,13.8,EC,2021-11-23 18:14:07
462,Lira,2.235,32.9097,73.8,44,87,4.94,UG,2021-11-23 18:14:07
463,Shieli,44.1667,66.75,41.99,51,34,3.67,KZ,2021-11-23 18:14:08
464,Calvinia,-31.4707,19.776,68.47,44,84,15.26,ZA,2021-11-23 18:14:08
465,Fuerte Olimpo,-21.0415,-57.8738,94.57,43,49,7.76,PY,2021-11-23 18:14:08
466,Palmer,42.1584,-72.3287,40.73,35,20,3.0,US,2021-11-23 18:11:37
467,Guerrero Negro,27.9769,-114.0611,73.17,48,72,4.83,MX,2021-11-23 18:14:09
468,Qiyang,26.5911,111.8474,48.51,65,98,0.47,CN,2021-11-23 18:14:09
469,Ordzhonikidze,52.4411,61.7408,14.4,90,99,12.48,KZ,2021-11-23 18:14:10
470,Imbituba,-28.24,-48.6703,80.49,72,62,17.27,BR,2021-11-23 18:14:10
471,Jinchang,38.4953,102.1739,33.37,19,1,6.11,CN,2021-11-23 18:14:10
472,Florestopolis,-22.8633,-51.3872,93.61,18,10,2.98,BR,2021-11-23 18:14:11
473,Waingapu,-9.6567,120.2641,81.1,78,96,0.76,ID,2021-11-23 18:14:11
474,Tura,25.5198,90.2201,61.36,66,0,3.47,IN,2021-11-23 18:14:12
475,Manokwari,-0.8667,134.0833,78.53,83,94,4.97,ID,2021-11-23 18:14:12
476,Bequimao,-2.4489,-44.7825,89.92,46,50,7.63,BR,2021-11-23 18:14:13
477,Halifax,44.6453,-63.5724,39.47,95,100,10.0,CA,2021-11-23 18:12:49
478,Auburn,47.3073,-122.2284,47.52,94,75,1.01,US,2021-11-23 18:14:13
479,Cravo Norte,6.3017,-70.2041,85.95,64,98,3.22,CO,2021-11-23 18:14:14
480,Saint John,45.2727,-66.0677,34.18,83,100,13.91,CA,2021-11-23 18:14:14
481,Adrar,20.5022,-10.0711,83.46,27,92,5.66,MR,2021-11-23 18:14:15
482,Thai Nguyen,21.5928,105.8442,64.18,64,99,3.58,VN,2021-11-23 18:14:15
483,Qianguo,45.1171,124.8568,10.49,84,99,11.18,CN,2021-11-23 18:14:15
484,Aras,42.5617,-2.356,40.06,96,90,6.91,ES,2021-11-23 18:14:16
485,Berdigestyakh,62.0989,126.6992,-9.06,94,100,2.1,RU,2021-11-23 18:14:16
486,Opelousas,30.5335,-92.0815,64.42,34,1,5.75,US,2021-11-23 18:14:16
487,Tiznit,29.5833,-9.5,60.98,76,32,6.98,MA,2021-11-23 18:14:17
488,Botelhos,-21.6333,-46.395,83.23,32,52,6.49,BR,2021-11-23 18:14:17
489,Faya,18.3851,42.4509,57.72,30,19,6.49,SA,2021-11-23 18:14:17
490,Bulgan,48.8125,103.5347,16.56,69,50,2.86,MN,2021-11-23 18:14:18
491,Lecce,40.2167,18.1667,55.85,91,98,8.08,IT,2021-11-23 18:14:18
492,Ust-Kuyga,70.0167,135.6,-24.56,98,100,5.75,RU,2021-11-23 18:14:19
493,Cayenne,4.9333,-52.3333,87.84,79,20,5.99,GF,2021-11-23 18:14:19
494,Lompoc,34.6391,-120.4579,76.08,55,21,8.01,US,2021-11-23 18:09:31
495,Tual,-5.6667,132.75,83.23,75,71,5.84,ID,2021-11-23 18:14:19
496,Nagda,23.45,75.4167,70.68,52,0,4.83,IN,2021-11-23 18:14:20
497,Taldan,53.6667,124.8,8.47,71,100,8.12,RU,2021-11-23 18:14:20
498,Polovinnoye,54.7914,65.9864,17.89,87,14,14.72,RU,2021-11-23 18:14:21
499,Comodoro Rivadavia,-45.8667,-67.5,84.06,13,0,32.21,AR,2021-11-23 18:11:54
500,Charlestown,-32.95,151.6667,66.85,98,98,4.12,AU,2021-11-23 18:14:21
501,Alcudia,39.8532,3.1214,56.7,79,83,8.66,ES,2021-11-23 18:11:34
502,Zlynka,52.4267,31.7378,30.63,54,85,4.56,RU,2021-11-23 18:15:22
503,Sarkand,45.41,79.9186,36.19,64,66,8.12,KZ,2021-11-23 18:15:22
504,Guangyuan,32.442,105.823,46.13,79,96,1.5,CN,2021-11-23 18:15:22
505,Port-Cartier,50.0334,-66.8654,30.74,55,100,9.89,CA,2021-11-23 18:15:23
506,Nemuro,43.3236,145.575,39.43,86,96,8.57,JP,2021-11-23 18:14:16
507,Suntar,62.1444,117.6319,-17.48,96,5,3.56,RU,2021-11-23 18:15:23
508,Mkushi,-13.6202,29.3939,68.76,77,88,2.68,ZM,2021-11-23 18:15:24
509,Iquique,-20.2208,-70.1431,66.24,68,100,6.64,CL,2021-11-23 18:15:24
510,Mananara,-16.1667,49.7667,73.17,82,71,1.81,MG,2021-11-23 18:15:25
511,Price,39.5994,-110.8107,36.66,48,1,0.0,US,2021-11-23 18:15:25
512,Nchelenge,-9.3451,28.734,73.49,77,55,6.4,ZM,2021-11-23 18:15:25
513,Chara,56.9064,118.2631,-19.57,76,13,1.19,RU,2021-11-23 18:15:26
514,Robertsport,6.7533,-11.3686,82.33,77,20,10.87,LR,2021-11-23 18:15:26
515,Great Falls,47.5002,-111.3008,49.41,23,1,5.01,US,2021-11-23 18:15:26
516,Arcata,40.8665,-124.0828,54.57,87,1,7.0,US,2021-11-23 18:15:27
517,Fallon,39.4735,-118.7774,53.28,39,40,3.44,US,2021-11-23 18:10:39
518,Xunchang,28.4543,104.715,49.12,87,99,0.4,CN,2021-11-23 18:15:27
519,Tooele,40.5308,-112.2983,56.64,23,49,5.5,US,2021-11-23 18:15:28
520,Evensk,61.95,159.2333,12.81,72,100,11.61,RU,2021-11-23 18:12:17
521,Nicoya,10.1483,-85.452,83.75,61,96,12.39,CR,2021-11-23 18:15:28
522,Saint-Joseph,-21.3667,55.6167,75.58,79,55,6.2,RE,2021-11-23 18:15:29
523,Choya,52.0108,86.5467,32.38,87,100,0.58,RU,2021-11-23 18:15:29
524,Miraflores,19.2167,-98.8083,65.05,59,74,2.37,MX,2021-11-23 18:15:29
525,Rayong,12.8333,101.4333,76.78,99,65,7.34,TH,2021-11-23 18:15:30
526,Etchoropo,26.7667,-109.6667,82.42,54,98,7.09,MX,2021-11-23 18:15:30
527,Broken Hill,-31.95,141.4333,70.65,63,98,4.32,AU,2021-11-23 18:15:30
528,Malibu,34.005,-118.8101,77.27,57,52,5.01,US,2021-11-23 18:15:31
529,Sargatskoye,55.6101,73.4972,20.75,90,100,16.2,RU,2021-11-23 18:15:31
530,Dwarka,22.2394,68.9678,78.51,53,53,8.34,IN,2021-11-23 18:15:31
531,Lavrentiya,65.5833,-171.0,-0.94,91,15,9.53,RU,2021-11-23 18:15:32
532,Kabanga,-2.6386,30.4678,63.1,81,98,2.57,TZ,2021-11-23 18:15:32
533,Amuntai,-2.4177,115.2494,73.47,99,100,2.17,ID,2021-11-23 18:15:32
534,Port Macquarie,-31.4333,152.9167,67.96,91,100,8.08,AU,2021-11-23 18:15:33
535,Tomatlan,19.9333,-105.25,87.82,49,21,3.0,MX,2021-11-23 18:15:33
536,Hailar,49.2,119.7,0.05,82,2,7.72,CN,2021-11-23 18:15:34
537,Andenes,69.3143,16.1194,35.58,80,75,32.21,NO,2021-11-23 18:15:34
538,Coihaique,-45.5752,-72.0662,68.61,40,40,6.91,CL,2021-11-23 18:14:05
539,Plettenberg Bay,-34.0527,23.3716,59.13,77,91,3.65,ZA,2021-11-23 18:15:35
540,Kihei,20.785,-156.4656,77.85,77,20,0.0,US,2021-11-23 18:15:35
541,Catende,-8.6667,-35.7167,92.84,35,58,15.48,BR,2021-11-23 18:15:35
542,Ugoofaaru,5.6667,73.0,81.72,70,88,14.0,MV,2021-11-23 18:15:36
543,Taos,36.4072,-105.5731,60.21,22,1,9.22,US,2021-11-23 18:15:36
544,Ravar,31.2656,56.8055,60.71,44,46,0.58,IR,2021-11-23 18:15:36
545,Chifeng,42.2683,118.9636,22.17,56,5,6.71,CN,2021-11-23 18:15:37
546,Sangin,32.0728,64.8359,56.95,27,9,4.59,AF,2021-11-23 18:15:37
547,Tarancon,40.0085,-3.0073,39.9,83,98,1.19,ES,2021-11-23 18:15:38
548,Raymondville,26.4815,-97.7831,76.98,50,44,4.85,US,2021-11-23 18:16:38
549,Caravelas,-17.7125,-39.2481,79.66,68,80,5.97,BR,2021-11-23 18:16:38
550,Kurchum,48.5722,83.6542,30.79,90,100,17.72,KZ,2021-11-23 18:16:39
551,Parana,-31.732,-60.5238,88.56,20,100,7.27,AR,2021-11-23 18:16:39
552,Dekar,-21.5333,21.9333,78.35,12,18,5.3,BW,2021-11-23 18:16:39
553,Mitsamiouli,-11.3847,43.2844,80.26,75,65,10.56,KM,2021-11-23 18:16:40
554,Potiskum,11.7091,11.0694,84.13,19,99,8.95,NG,2021-11-23 18:16:40
555,Ust-Tsilma,65.441,52.1498,9.54,97,92,4.59,RU,2021-11-23 18:16:40
556,Kungurtug,50.5994,97.5228,7.65,87,83,2.57,RU,2021-11-23 18:16:41
557,Nizhniy Baskunchak,48.2198,46.8311,34.07,99,100,12.03,RU,2021-11-23 18:16:41
558,Paraiso,9.8383,-83.8656,76.87,55,78,5.44,CR,2021-11-23 18:16:42
559,Buta,2.7858,24.73,74.34,64,48,1.86,CD,2021-11-23 18:16:42
560,Bonnyville,54.2668,-110.735,13.8,86,33,14.18,CA,2021-11-23 18:16:42
561,Vila Do Maio,15.1333,-23.2167,83.19,80,25,14.23,CV,2021-11-23 18:16:43
562,Sola,-13.8833,167.55,77.5,82,100,10.47,VU,2021-11-23 18:16:43
563,Broome,42.2506,-75.833,36.01,63,75,7.0,US,2021-11-23 18:16:43
564,Panuco,22.05,-98.1667,74.03,48,83,2.89,MX,2021-11-23 18:16:44
565,Narsaq,60.9167,-46.05,21.42,63,94,7.31,GL,2021-11-23 18:16:44
566,Rossosh,51.1209,38.5116,25.54,70,72,4.83,RU,2021-11-23 18:16:45
567,Sabang,5.8933,95.3214,82.58,75,100,7.29,ID,2021-11-23 18:16:45
568,Mbekenyera,-10.0,38.9833,73.17,76,59,7.83,TZ,2021-11-23 18:16:45
569,Pervomayskoye,43.919,46.7102,47.53,83,100,7.09,RU,2021-11-23 18:16:46
570,Olinda,-8.0089,-34.8553,85.73,62,40,10.36,BR,2021-11-23 18:16:46
571,Alamosa,37.4695,-105.87,46.35,22,1,0.0,US,2021-11-23 18:16:47
572,Shellbrook,53.2168,-106.4011,29.43,87,50,12.39,CA,2021-11-23 18:16:47
573,Kaka,37.3482,59.6143,53.28,44,41,0.22,TM,2021-11-23 18:16:47
574,Rognan,67.0953,15.3878,37.54,94,100,3.58,NO,2021-11-23 18:16:48
575,San Esteban,15.2,-85.75,90.5,51,90,7.0,HN,2021-11-23 18:16:48
576,Mbandaka,0.0487,18.2603,72.9,94,94,2.84,CD,2021-11-23 18:13:38
577,Cockburn Town,21.4612,-71.1419,81.61,73,34,14.63,TC,2021-11-23 18:16:49
578,Westport,41.1415,-73.3579,43.75,46,20,5.01,US,2021-11-23 18:16:49
579,Kiama,-34.6833,150.8667,64.0,92,100,5.59,AU,2021-11-23 18:16:49
580,Vanavara,60.34,102.2797,8.22,99,96,3.69,RU,2021-11-23 18:16:50
581,Juneau,58.3019,-134.4197,34.21,96,90,10.36,US,2021-11-23 18:16:50
582,Bardejov,49.2918,21.2727,42.21,73,91,2.95,SK,2021-11-23 18:16:51
583,Havoysund,70.9963,24.6622,20.28,87,100,6.98,NO,2021-11-23 18:16:51
584,Dukat,62.55,155.55,-11.36,98,42,1.01,RU,2021-11-23 18:16:51
